level,average_time_taken
beginner,0.271267909695926
challenge,1.4242833437046256
easy,0.17612315792557623
hard,1.3210139208593665
medium,0.6354882492257241
