level,average_time_taken
beginner,0.27126791
easy,0.176123158
medium,0.635488249
hard,1.321013921
challenge,1.424283344
